Age,Gender,Senior Citizen,Time of Visit
24,Male,No,2024-08-08 15:10:12
36,Female,No,2024-08-08 15:10:12
24,Male,No,2024-08-08 15:10:13
36,Female,No,2024-08-08 15:10:13
24,Male,No,2024-08-08 15:10:14
36,Female,No,2024-08-08 15:10:14
24,Male,No,2024-08-08 15:10:14
36,Female,No,2024-08-08 15:10:15
24,Male,No,2024-08-08 15:10:15
36,Female,No,2024-08-08 15:10:15
21,Male,No,2024-08-08 15:10:16
9,Male,No,2024-08-08 15:10:17
21,Male,No,2024-08-08 15:10:17
8,Male,No,2024-08-08 15:10:18
21,Male,No,2024-08-08 15:10:18
8,Male,No,2024-08-08 15:10:18
21,Male,No,2024-08-08 15:10:19
8,Male,No,2024-08-08 15:10:19
19,Male,No,2024-08-08 15:10:20
19,Male,No,2024-08-08 15:10:20
19,Male,No,2024-08-08 15:10:20
19,Male,No,2024-08-08 15:10:21
21,Male,No,2024-08-08 15:10:21
20,Male,No,2024-08-08 15:10:22
20,Male,No,2024-08-08 15:10:22
20,Male,No,2024-08-08 15:10:22
23,Female,No,2024-08-08 15:10:23
23,Female,No,2024-08-08 15:10:23
23,Female,No,2024-08-08 15:10:24
23,Female,No,2024-08-08 15:10:24
23,Female,No,2024-08-08 15:10:24
16,Female,No,2024-08-08 15:10:26
16,Female,No,2024-08-08 15:10:27
16,Female,No,2024-08-08 15:10:27
16,Female,No,2024-08-08 15:10:27
27,Male,No,2024-08-08 15:10:30
27,Male,No,2024-08-08 15:10:31
27,Male,No,2024-08-08 15:10:31
28,Male,No,2024-08-08 15:10:31
19,Male,No,2024-08-08 15:10:35
19,Male,No,2024-08-08 15:10:35
19,Male,No,2024-08-08 15:10:35
21,Female,No,2024-08-08 15:10:36
23,Male,No,2024-08-08 15:10:37
15,Female,No,2024-08-08 15:10:37
16,Female,No,2024-08-08 15:10:37
21,Male,No,2024-08-08 15:10:38
16,Female,No,2024-08-08 15:10:38
21,Male,No,2024-08-08 15:10:38
23,Male,No,2024-08-08 15:10:39
16,Female,No,2024-08-08 15:10:39
16,Female,No,2024-08-08 15:10:40
18,Female,No,2024-08-08 15:10:40
18,Female,No,2024-08-08 15:10:40
18,Female,No,2024-08-08 15:10:41
14,Female,No,2024-08-08 15:10:41
14,Female,No,2024-08-08 15:10:42
14,Female,No,2024-08-08 15:10:42
14,Female,No,2024-08-08 15:10:42
14,Female,No,2024-08-08 15:10:43
14,Female,No,2024-08-08 15:10:43
14,Female,No,2024-08-08 15:10:44
14,Female,No,2024-08-08 15:10:44
14,Female,No,2024-08-08 15:10:45
14,Female,No,2024-08-08 15:10:45
14,Female,No,2024-08-08 15:10:45
14,Female,No,2024-08-08 15:10:46
14,Female,No,2024-08-08 15:10:46
28,Male,No,2024-08-08 15:10:52
21,Male,No,2024-08-08 15:10:52
21,Male,No,2024-08-08 15:10:53
21,Male,No,2024-08-08 15:10:53
11,Female,No,2024-08-08 15:10:57
22,Male,No,2024-08-08 15:10:57
22,Male,No,2024-08-08 15:10:58
14,Female,No,2024-08-08 15:10:58
22,Male,No,2024-08-08 15:10:58
14,Female,No,2024-08-08 15:10:59
24,Male,No,2024-08-08 15:10:59
20,Male,No,2024-08-08 15:10:59
25,Female,No,2024-08-08 15:11:00
27,Female,No,2024-08-08 15:11:00
23,Female,No,2024-08-08 15:11:00
27,Female,No,2024-08-08 15:11:01
23,Female,No,2024-08-08 15:11:01
27,Female,No,2024-08-08 15:11:01
23,Female,No,2024-08-08 15:11:02
27,Female,No,2024-08-08 15:11:02
23,Female,No,2024-08-08 15:11:02
27,Female,No,2024-08-08 15:11:03
23,Female,No,2024-08-08 15:11:03
27,Female,No,2024-08-08 15:11:03
23,Female,No,2024-08-08 15:11:04
27,Female,No,2024-08-08 15:11:04
22,Female,No,2024-08-08 15:11:05
28,Female,No,2024-08-08 15:11:05
24,Male,No,2024-08-08 15:11:06
23,Male,No,2024-08-08 15:11:06
32,Male,No,2024-08-08 15:11:06
30,Male,No,2024-08-08 15:11:06
23,Male,No,2024-08-08 15:11:07
19,Female,No,2024-08-08 15:11:07
30,Male,No,2024-08-08 15:11:07
23,Male,No,2024-08-08 15:11:08
19,Female,No,2024-08-08 15:11:08
30,Male,No,2024-08-08 15:11:08
23,Male,No,2024-08-08 15:11:09
19,Female,No,2024-08-08 15:11:09
30,Male,No,2024-08-08 15:11:09
23,Male,No,2024-08-08 15:11:10
19,Female,No,2024-08-08 15:11:10
28,Male,No,2024-08-08 15:11:10
28,Male,No,2024-08-08 15:11:11
28,Male,No,2024-08-08 15:11:11
28,Male,No,2024-08-08 15:11:11
28,Male,No,2024-08-08 15:11:12
28,Male,No,2024-08-08 15:11:12
28,Male,No,2024-08-08 15:11:12
28,Male,No,2024-08-08 15:11:13
33,Male,No,2024-08-08 15:11:14
35,Male,No,2024-08-08 15:11:15
35,Male,No,2024-08-08 15:11:15
35,Male,No,2024-08-08 15:11:16
37,Male,No,2024-08-08 15:11:16
37,Male,No,2024-08-08 15:11:17
37,Male,No,2024-08-08 15:11:17
37,Male,No,2024-08-08 15:11:17
34,Male,No,2024-08-08 15:11:18
34,Male,No,2024-08-08 15:11:18
34,Male,No,2024-08-08 15:11:19
34,Male,No,2024-08-08 15:11:19
34,Male,No,2024-08-08 15:11:20
29,Male,No,2024-08-08 15:11:21
29,Male,No,2024-08-08 15:11:22
29,Male,No,2024-08-08 15:11:22
29,Male,No,2024-08-08 15:11:22
29,Male,No,2024-08-08 15:11:24
29,Male,No,2024-08-08 15:11:25
29,Male,No,2024-08-08 15:11:25
29,Male,No,2024-08-08 15:11:26
29,Male,No,2024-08-08 15:11:26
21,Male,No,2024-08-08 15:11:28
21,Male,No,2024-08-08 15:11:28
21,Male,No,2024-08-08 15:11:29
21,Male,No,2024-08-08 15:11:29
11,Female,No,2024-08-08 15:11:34
11,Female,No,2024-08-08 15:11:35
11,Female,No,2024-08-08 15:11:35
11,Female,No,2024-08-08 15:11:35
11,Female,No,2024-08-08 15:11:36
11,Female,No,2024-08-08 15:11:36
11,Female,No,2024-08-08 15:11:37
11,Female,No,2024-08-08 15:11:37
30,Male,No,2024-08-08 15:11:40
30,Male,No,2024-08-08 15:11:40
30,Male,No,2024-08-08 15:11:41
30,Male,No,2024-08-08 15:11:41
35,Female,No,2024-08-08 15:11:41
41,Female,No,2024-08-08 15:11:42
31,Female,No,2024-08-08 15:11:42
31,Female,No,2024-08-08 15:11:43
35,Female,No,2024-08-08 15:11:43
35,Female,No,2024-08-08 15:11:43
31,Female,No,2024-08-08 15:11:44
33,Female,No,2024-08-08 15:11:44
26,Female,No,2024-08-08 15:11:47
26,Female,No,2024-08-08 15:11:47
26,Female,No,2024-08-08 15:11:48
26,Female,No,2024-08-08 15:11:48
26,Female,No,2024-08-08 15:11:49
26,Female,No,2024-08-08 15:11:49
26,Female,No,2024-08-08 15:11:49
26,Female,No,2024-08-08 15:11:50
25,Male,No,2024-08-08 15:11:54
25,Male,No,2024-08-08 15:11:55
25,Male,No,2024-08-08 15:11:55
25,Male,No,2024-08-08 15:11:55
26,Male,No,2024-08-08 15:11:56
